author,title,description,url,urlToImage,date,content,source.id,source.name,result
Ashutosh R Shyam,"After a lacklustre 2023, will 2024 be a year of mega-caps?","Mega stocks such as HDFC Bank, Reliance Industries, ICICI Bank, Infosys, TCS, Axis Bank and Kotak Mahindra Bank, which collectively account for 48% of the total Nifty 50 weightage, have given return of 9.58% in 2023 compared with the Nifty 50's return of 20%.",https://economictimes.indiatimes.com/markets/stocks/news/after-a-lacklustre-2023-will-2024-be-a-year-of-mega-caps/articleshow/106428572.cms,"https://img.etimg.com/thumb/msid-106428582,width-1070,height-580/photo.jpg",2023-12-31,"SynopsisMega stocks such as HDFC Bank, Reliance Industries, ICICI Bank, Infosys, TCS, Axis Bank and Kotak Mahindra Bank, which collectively account for 48% of the total Nifty 50 weightage, have given… [+67 chars]",the-times-of-india,The Times of India,
Michail,"iQOO 12 launched in India, starting at INR 52,999","The iQOO 12 is now official in India serving as the first phone to launch with Qualcomm’s Snapdragon 8 Gen 3 chip in the country. The device will be available in Alpha Black and Legend White colors with the latter sporting the BMW Motorsport branding.




iQO…",https://www.gsmarena.com/iqoo_12_launched_in_india_starting_at_inr_52999-news-60886.php,https://fdn.gsmarena.com/imgroot/news/23/12/iqoo-12-india-launch/-952x498w6/gsmarena_000.jpg,2023-12-12,The iQOO 12 is now official in India serving as the first phone to launch with Qualcomms Snapdragon 8 Gen 3 chip in the country. The device will be available in Alpha Black and Legend White colors wi… [+841 chars],,GSMArena.com,1.0
ETMarkets.com,"F&O stocks to buy or sell today: ICICI Bank, Maruti among top 6 trading ideas","The S&P BSE Sensex rose nearly 400 points while the Nifty50 closed above 21,300 levels on Thursday. The Nifty future closed positive with gains of 0.75% at 21376 levels.",https://economictimes.indiatimes.com/markets/options/fo-stocks-to-buy-or-sell-today-icici-bank-maruti-among-top-6-trading-ideas-for-22-december/articleshow/106199133.cms,"https://img.etimg.com/thumb/msid-106199210,width-1200,height-630,imgsize-267022,overlay-etmarkets/photo.jpg",2023-12-22,"The Indian market is likely to trade higher on Friday tracking positive global cues.The S&amp;P BSE Sensex rose nearly 400 points while the Nifty50 closed above 21,300 levels on Thursday. The Nifty f… [+2009 chars]",the-times-of-india,The Times of India,1.0
Tech Desk,iPhone 15 at Rs 35K? Check out these lucrative deals on Amazon and Flipkart,"iPhone 15 is among the most sought after smartphones of the year. If you are planning to own one, here is a look at some exciting offers that could save you money.",https://indianexpress.com/article/technology/iphone-15-year-end-deals-flipkart-amazon-9087773/,https://images.indianexpress.com/2023/12/iPhone-15-4.jpg,2023-12-29,"The year is almost ending. Other than thumping music, delicious food and festivities, this time of the year is also hailed as a time of massive discounts. For tech aficionados, their favourite brands… [+2164 chars]",,The Indian Express,0.0
PTI,Stock markets climb for 2nd day on buying in IT shares,"Among the Sensex firms, Wipro jumped over 6 per cent, the most among the frontline companies. HCL Technologies, Tata Motors, Maruti, Tata Steel, Infosys, Tech Mahindra, Larsen & Toubro and JSW Steel were the other major winners.",https://indianexpress.com/article/business/market/stock-markets-climb-2nd-day-buying-it-shares-9079039/,https://images.indianexpress.com/2023/12/BSE-1600-2.jpg,2023-12-22,"Stock markets extended gains for a second day on Friday following buying in IT stocks and firm trends in the US markets.The 30-share BSE Sensex climbed 241.86 points or 0.34 per cent to settle at 71,… [+1439 chars]",,The Indian Express,1.0
"Brad Freer, Anirudha Dutta",This fast-growing country is taming inflation and in strong financial shape — and its stock market is attractive,The fundamental outlook for India is better than ever.,https://www.marketwatch.com/story/this-fast-growing-country-is-taming-inflation-and-in-strong-financial-shape-and-its-stock-market-is-attractive-5ec5526a,https://images.mktw.net/im-08051782/social,2023-12-28,"From our recent travels around India, it appears that the worlds most populous country could be poised for long-term growth. An infrastructure boom is evident, government policies are making India an… [+6474 chars]",,MarketWatch,1.0
Moneycontrol News,"HDFC Bank shares trade in red on Q3 update, gross advances rise 62.4%","HDFC Bankâs gross advances for Q3FY24 rose to Rs 24.69 lakh crore, marking an increase of 62.4 percent on-year.",https://www.moneycontrol.com/news/business/markets/hdfc-bank-shares-trade-in-red-on-q3-update-gross-advances-rise-62-4-12003111.html,https://images.moneycontrol.com/static-mcnews/2023/10/HDFC-BANK-770x431.jpg,2024-01-05,Shares of HDFC Bank fell 0.7 percent after the bank reported its update for the October-December quarter of the current fiscal year. The lender's gross advances for the quarter ended December surged … [+2313 chars],,Moneycontrol,1.0
Rakesh Patil,"Taking Stock: Market plunges after hitting new highs; mid, smallcaps tumble","The biggest Nifty losers included Adani Ports, Adani Enterprises, UPL, Tata Steel and Coal India, while the gainers were ONGC, Tata Consumer Products, Britannia Industries and HDFC Bank.",https://www.moneycontrol.com/news/business/markets/taking-stock-market-plunges-after-hitting-new-highs-mid-smallcaps-tumble-11933251.html,https://images.moneycontrol.com/static-mcnews/2023/12/market_down_Sensex-Nifty-770x433.jpg,2023-12-20,"The market went from new highs to a steep fall within hours, as the benchmarks wiped out the morning gains to close near the days low on December 20 on wide-spread selling.
At close, the Sensex was … [+4276 chars]",,Moneycontrol,1.0
Moneycontrol News,The great awakening: HDFC Bank shows cup and handle pattern breakout after 2 years of consolidation,Analyst suggests buying and accumulating the stock for an upside target of 2100â2300 levels for the medium to short-term time frame.,https://www.moneycontrol.com/news/business/markets/the-great-awakening-hdfc-bank-shows-cup-and-handle-pattern-breakout-after-2-years-of-consolidation-11875301.html,https://images.moneycontrol.com/static-mcnews/2023/10/HDFC-BANK-770x431.jpg,2023-12-08,Banking major HDFC Bank's shares surged after the RBI's monetary policy rate decision on December 8. HDFC Bank has now formed a clear cup and handle pattern on the weekly chart and has broken out abo… [+1647 chars],,Moneycontrol,0.0
Moneycontrol News,"Ravi Dharamshi bullish on renewables, banks, but stays cautious on pharma","Speaking of the sleeping banking sector, the market expert believes that their time to rally is finally here. Large banks like HDFC Bank and Kotak Mahindra Bank have barely given any returns moved in the past one year",https://www.moneycontrol.com/news/business/markets/ravi-dharamshi-bullish-on-renewables-banks-but-stays-cautious-on-pharma-11889741.html,https://images.moneycontrol.com/static-mcnews/2023/11/market_volatile-10-770x433.jpg,2023-12-12,"Renewables and financials are set for inevitable growth, but one must watch out before picking up pharma stocks, Ravi Dharamshi of ValueQuest Investment Advisors said in an interaction with CNBC TV18… [+3905 chars]",,Moneycontrol,1.0
Moneycontrol News,"Mid-day Mood | Indices trade flat, Nifty holds 21,700; HDFC Bank breaks 4-day winning streak","As we enter the new year 2024, hopes run high that the market will continue to rally this year too, extending its winning streak to the ninth year in a row. But, it could be a slow start",https://www.moneycontrol.com/news/business/markets/mid-day-mood-indices-trade-flat-nifty-holds-21700-hdfc-bank-breaks-4-day-winning-streak-11982401.html,https://images.moneycontrol.com/static-mcnews/2023/12/Nifty_sensex_marketup-11-770x433.jpg,2024-01-01,"The Sensex and the Nifty are in a consolidation mode, trading absolutely flat at noon on the first trading session of the calendar year. HDFC Bank, the heaviest on the index, broke its four-day gaini… [+2966 chars]",,Moneycontrol,1.0
Moneycontrol News,"Taking Stock: Sensex, Nifty recovers to end flat ahead of Fed outcome","Top gainers on the Nifty were NTPC, Hero MotoCorp, Power Grid Corporation, Eicher Motors and Adani Ports, while losers were TCS, Infosys, Bajaj Finserv, HDFC Life and Axis Bank.",https://www.moneycontrol.com/news/business/markets/taking-stock-sensex-nifty-recovers-to-end-flat-ahead-of-fed-outcome-11899171.html,https://images.moneycontrol.com/static-mcnews/2023/12/market_volatile-3-770x433.jpg,2023-12-13,"The Indian benchmark indices ended with marginal gains in the highly volatile session on December 13 ahead of the FOMC meeting outcome later tonight.
At close, the Sensex was up 33.57 points or 0.05… [+2720 chars]",,Moneycontrol,1.0
Rakesh Patil,Taking Stock: Market falls from record highs amid high volatility; banks a major hit,"Nestle India, Adani Enterprises, Adani Ports, Tech Mahindra and Wipro were among the top gainers on the Nifty, while losers included Eicher Motors, Bharti Airtel, M&amp;M, Bajaj Auto and HDFC Bank",https://www.moneycontrol.com/news/business/markets/taking-stock-market-falls-from-record-highs-amid-high-volatility-banks-a-major-hit-11983501.html,https://images.moneycontrol.com/static-mcnews/2024/01/market_volatile-1-770x433.jpg,2024-01-01,"The Indian equity indices ended the first day of the New Year with marginal losses in the highly volatile session after hitting fresh record highs. At close, the Sensex was down 169.21 points or 0.23… [+1674 chars]",,Moneycontrol,1.0
Ankita Sengupta,"Shocked to know HDFC doesn#39;t provide loans to policemen, says JK officer. Bank responds",The Jammu and Kashmir police officer#39;s post sparked comments from several disgruntled bank customers who claimed that their loans too were rejected due to their professions.,https://www.moneycontrol.com/news/trends/hdfc-doesnt-provide-loans-to-police-claims-policeman-bank-responds-11929561.html,https://images.moneycontrol.com/static-mcnews/2023/08/HDFC-BANK-1-770x431.jpg,2023-12-20,A policeman from Jammu and Kashmir has claimed that HDFC Bank has a policy against granting loans to police officers and he allegedly came to know about it after applying for a personal loan. Taking … [+2457 chars],,Moneycontrol,1.0
Moneycontrol News,"A day of rejigs: FTSE, BSE100 rebalancing today, HDFC Bank likely to get $500-mn inflow","The S&amp;P BSE 100 index will also see a dynamic shift as seven counters will change. As per IIFL, it is an active largecap benchmark. Tata Elxsi, Adani Power, Voltas, Bandhan Bank, Mphasis, Crompton Greaves Consumer Electricals and ACC are to be dropped fro…",https://www.moneycontrol.com/news/business/markets/a-day-of-rejigs-ftse-bse100-rebalancing-today-hdfc-bank-likely-to-get-500-mn-inflow-11908381.html,https://images.moneycontrol.com/static-mcnews/2023/12/Nifty_sensex_marketup-4-770x433.jpg,2023-12-15,"HDFC Bank is set to be the biggest beneficiary of the FTSE rebalance on December 15 as the stock's weightage will go up in the index, bringing in flows from passive funds. As per a Nuvama Research es… [+2856 chars]",,Moneycontrol,0.0
Sunil Shankar Matkar,"Daily Voice | Market upside looks fairly limited in 2024 despite healthy expected earnings growth of the index, says Varun Lohchab of HDFC Securities",Varun Lohchab of HDFC Securities believes DII and retail flows are expected to remain buoyant in the coming year too.,https://www.moneycontrol.com/news/business/markets/daily-voice-market-upside-looks-fairly-limited-in-2024-despite-healthy-expected-earnings-growth-of-the-index-says-varun-lohchab-of-hdfc-securities-11959201.html,https://images.moneycontrol.com/static-mcnews/2023/10/Varun_LohchabHDFC-770x433.jpg,2023-12-27,"""From current valuation levels, upside looks fairly limited in the equity markets in 2024 despite the healthy expected earnings growth of the index,"" Varun Lohchab of HDFC Securities says in an inter… [+8385 chars]",,Moneycontrol,0.0
Sucheta Anchaliya,"Bank Nifty positive after hitting new high; buy on dips at these levels, watch out for volatility, advise experts","RBI MPC meeting: In the short term, Bank Nifty may encounter volatility; a breakout above 47,200 could propel the index towards 48,000. On the downside, support is positioned at 46,800.",https://www.moneycontrol.com/news/business/markets/bank-nifty-positive-after-hitting-new-high-buy-on-dips-at-these-levels-watch-out-for-volatility-advise-experts-11872861.html,https://images.moneycontrol.com/static-mcnews/2023/12/rbi-770x433.jpeg,2023-12-08,"Bank Nifty is trading with a continued positive bias after hitting a new all-time high on December 8 after the RBI kept the repo rate unchanged at 6.5 percent for the fifth time in a row. However, th… [+2624 chars]",,Moneycontrol,0.0
Rakesh Patil,Market snaps seven-week rally; PSU Banks worst hit,"Foreign institutional investors (FIIs) turned net sellers in this week, as they sold equities worth of Rs 6,422.24 crore, while Domestic institutional investors (DIIs) bought equities worth Rs 9,093.99 crore",https://www.moneycontrol.com/news/photos/business/markets/market-snaps-seven-week-rally-psu-banks-worst-hit-11946461.html,https://images.moneycontrol.com/static-mcnews/2023/12/WhatsApp-Image-2023-06-05-at-5.44.33-PM-1-4-770x433.jpeg,2023-12-23,Indian equity markets snapped seven weeks rising momentum to finish 0.5 percent lower but touched fresh record highs in the volatile week ended December 22 amid mixed global cues and fear of rising c… [+2447 chars],,Moneycontrol,
PTI,RBI continues battle against inflation; all eyes on possible rate cut in 2024,"RBI Governor Shaktikanta Das, who is into the last year of his second three-year term at the helm of the central bank, has been steadfast in highlighting the need to get the inflation down to 4 per cent on a durable basis.",https://economictimes.indiatimes.com/news/economy/policy/rbi-continues-battle-against-inflation-all-eyes-on-possible-rate-cut-in-2024/articleshow/106342742.cms,"https://img.etimg.com/thumb/msid-106343862,width-1200,height-630,imgsize-93140,overlay-economictimes/photo.jpg",2023-12-28,"For five consecutive policy reviews in 2023, the Reserve Bank of India (RBI) chose to hold rates, citing inflation threat. And when the prices did cool off a bit, it reminded all about the target to … [+4020 chars]",the-times-of-india,The Times of India,1.0
Live from a Lounge,"HDFC Bank to change transfer ratios for 3 Conversion Partners effective January 15, 2024 [Minor Devaluation]","HDFC Bank's most premium credit card customers will see a minor devaluation of the value of their points if they like to transfer them over to partner programmes next month. Here are the details. 
The post HDFC Bank to change transfer ratios for 3 Conversion …",https://livefromalounge.com/hdfc-bank-transfer-partners-devaluation/,https://livefromalounge.com/wp-content/uploads/2021/01/HDFCcontentbanner-1.jpg,2023-12-21,"In February 2023, HDFC Bank introduced a large list of conversion partners for their Infinia and Diners Club Black customers. The partner list was long and distinguished and included airlines and hot… [+3737 chars]",,Livefromalounge.com,0.0
Live from a Lounge,Marriott Bonvoy HDFC Bank Diners Club Credit Card improves onboarding benefits delivery,"HDFC Bank's Marriott Bonvoy Co-branded credit card has been genuinely enhanced over the past few days and now grants you the free night and elite night credits sooner than it used to back in the day. 
The post Marriott Bonvoy HDFC Bank Diners Club Credit Card…",https://livefromalounge.com/marriott-bonvoy-hdfc-bank-diners-club-credit-card-improves-onboarding-benefits-delivery/,https://livefromalounge.com/wp-content/uploads/2023/09/F6XV_qaasAAsT9u.jpeg,2024-01-05,"In August 2023, the first-ever hotel co-branded credit card came out of India, with a collaboration between HDFC Bank, Marriott Bonvoy and Diners Club. This credit card was pioneering, but somewhere … [+4423 chars]",,Livefromalounge.com,1.0
Moneycontrol News,"HDFC Sec sees 8-10% upside for Nifty next year, says mid smallcap rally not over yet","The brokerage house also said that the market movement will not be linear, especially in the first half of 2024. This is because the bond market is expecting interest rate cuts in Feb-March, much sooner than what Federal Reserve indicated",https://www.moneycontrol.com/news/business/markets/hdfc-sec-sees-8-10-upside-for-nifty-next-year-says-mid-smallcap-rally-not-over-yet-11929271.html,https://images.moneycontrol.com/static-mcnews/2023/12/Nifty_sensex_marketup-8-770x433.jpg,2023-12-19,"Domestic broking firm HDFC Securities believes rich index valuations leave little room for any upside next year and thus did not spell out any definite Nifty target. According to the firm, Nifty coul… [+2883 chars]",,Moneycontrol,0.0
Moneycontrol News,Moneycontrol Selects: Top stories this morning,Our specially curated package of the most interesting articles to help you stay at the top of your game.,https://www.moneycontrol.com/news/business/moneycontrol-selects-top-stories-this-afternoon-158-11961031.html,https://images.moneycontrol.com/static-mcnews/2023/04/MC-selects-770x433.jpg,2023-12-27,"Here is a collection of the most important stories this afternoon:
Happy Forgings lists 18% premium on debut
Heavy forgings manufacturer Happy Forgings Ltd shares opened 18 percent higher on debut … [+2018 chars]",,Moneycontrol,0.0
Ravindra Sonavane,"Select stocks propel over 50% surge in Nifty Midcap, Smallcap valuations","Both Nifty MidCap and SmallCap jumped around 66 percent and 51 percent since April, while the benchmark Sensex and Nifty surged over 20 percent each in this period",https://www.moneycontrol.com/news/business/markets/select-stocks-propel-over-50-surge-in-nifty-midcap-smallcap-valuations-11927341.html,https://images.moneycontrol.com/static-mcnews/2023/12/Stock-Market-1-4-770x433.jpg,2023-12-20,"Only 16 stocks drove over 50 percent surge in the Nifty Midcap 100 Index valuation since April, while there are 18 responsible for over 50 percent surge in the value of the Nifty SmallCap 100. Intere… [+2114 chars]",,Moneycontrol,1.0
Moneycontrol News,"Mid-day Mood | Benchmarks shrug off correction fears, trade higher; all sectors in green",Trend in the broader market also remained exuberant as the Nifty Smallcap 100 and Nifty Midcap 100 indices gained over one percent respectively.,https://www.moneycontrol.com/news/business/markets/mid-day-mood-benchmarks-shrug-off-correction-fears-trade-higher-all-sectors-in-green-11942881.html,https://images.moneycontrol.com/static-mcnews/2023/12/Nifty_sensex_marketup-11-770x433.jpg,2023-12-22,"The benchmark Sensex and Nifty erased the previous sessions losses to trade half a percent higher around mid-day on December 22. In order to extend their seven-week winning streak, both the indices w… [+3505 chars]",,Moneycontrol,1.0
Amitoj Singh,India's Digital Rupee Crossed a Million Transactions in 1 Day With Some Help From Banks,"CoinDesk has viewed a letter dated Dec. 29 by the Reserve Bank of India (RBI) Governor Shaktikanta Das to staff that said the usage of the e-rupee (CBDC) ""exceeded the milestone of 1 million transactions in a day on Dec. 27, 2023."" A separate letter from one …",https://www.coindesk.com/policy/2024/01/04/indias-digital-rupee-crossed-a-million-transactions-on-one-day-with-some-help-from-banks/,https://www.coindesk.com/resizer/kIzri5GJEhlo0RyHvyClHX51MmU=/1200x628/center/middle/cloudfront-us-east-1.images.arcpublishing.com/coindesk/FOCQIFS5A5AITCQFLSY6KYK56I.jpg,2024-01-04,"India's central bank digital currency, the digital rupee, crossed a million transactions in a day on Dec. 27, 2023 but with at least a little help from retail banks' own employees.
CoinDesk has view… [+3390 chars]",,CoinDesk,0.0
Moneycontrol News,"Mid-day Mood | Silence after a storm as Sensex, Nifty trade flat","Going ahead, analysts anticipate the market to go through a phase of consolidation as the upcoming holiday season kicks in, which according to most will present a healthy break after the recent weeks of bull run.",https://www.moneycontrol.com/news/business/markets/mid-day-mood-silence-after-a-storm-as-sensex-nifty-trade-flat-11937381.html,https://images.moneycontrol.com/static-mcnews/2023/12/Nifty_sensex_marketup-9-770x433.jpg,2023-12-21,The benchmark Sensex and Nifty took a breather after a sharp fall in the previous session and traded flat as of afternoon trade on December 21. The buying from lower levels also helped the benchmarks… [+3745 chars],,Moneycontrol,0.0
Sarvesh Mathi,Offline payment tech by HDFC Bank and Crunchfish goes live,"OfflinePay, the payment system in question, allows customers as well as merchants to make and receive payments using an on-device wallet even in absence of a mobile network. 
The post Offline payment tech by HDFC Bank and Crunchfish goes live appeared first o…",https://www.medianama.com/2023/12/223-offline-payment-tech-hdfc-bank-crunchfish/,https://www.medianama.com/wp-content/uploads/2023/12/jonas-leupe-XL1YpEnVLb0-unsplash.jpg,2023-12-12,"Following the testing of an offline retail payment technology by HDFC Bank and Sweden-based Crunchfish under the Reserve Bank of India’s regulatory sandbox scheme, the product has now completed the t… [+1367 chars]",,MediaNama.com,1.0
Lovisha Darad,"Nifty holds above 21,700, Sensex firm; volatility may rise going ahead amid #39;overbought#39; conditions","Investors can expect strong movements on either side due to higher volatility but the undertone of overall markets remains bullish, said analysts",https://www.moneycontrol.com/news/business/markets/nifty-holds-above-21700-sensex-firm-volatility-may-rise-going-ahead-amid-overbought-conditions-11967261.html,https://images.moneycontrol.com/static-mcnews/2023/12/market_flat-10-770x433.jpg,2023-12-28,Bulls kept domestic markets on a solid ground with both NSE Nifty and BSE Sensex hitting new all-time highs towards the end of trading session on December 28. This comes on the back of improving glob… [+2978 chars],,Moneycontrol,1.0
Sunil Shankar Matkar,"Chartist Talks | Milan Vaishnav says it#39;s time to move money from mid, small-caps to largecaps","Examination of Relative Strength reveals that the largecaps will start performing relatively better than the broader markets, says Milan Vaishnav.",https://www.moneycontrol.com/news/business/markets/chartist-talks-milan-vaishnav-says-its-time-to-move-money-from-mid-small-caps-to-largecaps-11883451.html,https://images.moneycontrol.com/static-mcnews/2023/06/Milan_Vaishnav-1-770x433.jpg,2023-12-11,"Consolidation looks imminent to Milan Vaishnav, CMT, MSTA, founder of Gemstone Equity Research &amp; Advisory Services, but within a defined range, before the bulls take over the reins yet again.
In… [+5613 chars]",,Moneycontrol,0.0
Abhishek Mukherjee,Darlings of Dalal Street: The stocks most owned by mutual funds,"In November, 40 fund houses held these two bluechips in their various schemes, data sourced from Emkay shows",https://www.moneycontrol.com/news/business/stocks/darlings-of-dalal-street-the-stocks-most-owned-by-mutual-funds-11931081.html,https://images.moneycontrol.com/static-mcnews/2023/09/Mutual-Funds_Sensex_personal-finance-770x433.png,2023-12-20,"TCS and ICICI Bank have topped the list of stocks most owned by mutual funds, with 40 fund houses holding the two bluechips in their various schemes.
Infosys and Maruti Suzuki are in the second spot… [+3697 chars]",,Moneycontrol,1.0
TIMESOFINDIA.COM,'11 bombs across Mumbai': Threat email to top banks demands FM's resignation,"India News: The Reserve Bank of India (RBI) received a threatening email from 'Khilafat India', claiming bombs would be planted in RBI office, HDFC Bank, and ICIC",https://timesofindia.indiatimes.com/india/rbi-two-other-banks-receive-bomb-threat-email-sender-demands-sitharamans-resignation/articleshow/106297427.cms,"https://static.toiimg.com/thumb/msid-106297428,width-1070,height-580,imgsize-1203496,resizemode-75,overlay-toi_sw,pt-32,y_pad-40/photo.jpg",2023-12-26,8 morning rituals of highly successful people,the-times-of-india,The Times of India,0.0
Lovisha Darad,"Bank Nifty hits record high of 47,170 points, clocks biggest weekly gain since July 2022","So far this year, the Bank Nifty index has surged over 9 percent as against 15 percent rally in the benchmark Nifty50 index",https://www.moneycontrol.com/news/business/markets/bank-nifty-hits-record-high-of-47170-points-clocks-biggest-weekly-gain-since-july-2022-11873181.html,https://images.moneycontrol.com/static-mcnews/2023/12/Nifty_sensex_marketup-3-770x433.jpg,2023-12-08,"The Bank Nifty took a 0.7 percent leap to hit a fresh lifetime high of 47,170.25 levels on December 8 as investors cheered the Reserve Bank of India's monetary policy outcome. The Bank Nifty index is… [+2154 chars]",,Moneycontrol,0.0
ETMarkets.com,Stock market update: Stocks that hit 52-week lows on NSE,"Grasim Inds.,  HDFC Bank,  BPCL,  RIL and  HDFC Life were among the top losers on NSE.",https://economictimes.indiatimes.com/markets/stocks/stock-watch/stock-market-update-stocks-that-hit-52-week-lows-on-nse/articleshow/106201462.cms,"https://img.etimg.com/thumb/msid-83769615,width-1200,height-630,imgsize-98874,overlay-etmarkets/photo.jpg",2023-12-22,"NEW DELHI: Bajel Projects, Bohra Industries, SEL Manufact, Raj Rayon and 3rd Rock MultiMedia and others were among the stocks that touched their 52-week lows as of 11:05AM(IST)in Friday's session. Do… [+466 chars]",the-times-of-india,The Times of India,1.0
Sunil Shankar Matkar,"Chartist Talks | PSU Bank may continue to outperform in 2024, support rise in Bank Nifty","One should keep an eye on midcaps from the Cement, Engineering / Capital Goods, Infra, Railways, Defence, Renewable and IT space, says Sudeep Shah.",https://www.moneycontrol.com/news/business/markets/chartist-talks-psu-bank-may-continue-to-outperform-in-2024-support-rise-in-bank-nifty-11954001.html,https://images.moneycontrol.com/static-mcnews/2023/12/Sudeep_Shah-770x433.jpg,2023-12-26,"In June 2023, the Nifty had put up an 87-week Cup pattern breakout with a sharp rally. As per the measure rule of the Cup pattern, ""upside target for the Nifty 50 is placed at the 22,613 level, while… [+10534 chars]",,Moneycontrol,0.0
PTI,"Inflows from private equity, venture c to domestic companies plunge to $27.9 billion in 2023","According to the numbers collated by Venture Intelligence that tracks private capital and debt flows, and industry body IVCA, investments by private equity and venture capital funds as of December 20, 2023, fell to a low of USD 27.9 billion across 697 transac…",https://www.moneycontrol.com/news/business/economy/inflows-from-private-equity-venture-c-to-domestic-companies-plunge-to-27-9-billion-in-2023-11961991.html,https://images.moneycontrol.com/static-mcnews/2023/01/dollar-finance-BBO-770x433.jpg,2023-12-27,"Investments from private equity and venture capital funds into domestic companies declined about 40 per cent to USD 27.9 billion so far this year, while the outflow increased marginally to USD 19.34 … [+4672 chars]",,Moneycontrol,0.0
Parvathi Benu,Bank and NBFC loans to start-ups down over 65 per cent in 2023,Bank and NBFC loans to start-ups down 80% in 2023; HDFC Bank leads with 3113 start-ups funded.,https://www.thehindubusinessline.com/data-stories/data-focus/bank-and-nbfc-loans-to-start-ups-down-over-65-per-cent-in-2023/article67666561.ece,https://bl-i.thgim.com/public/incoming/8wpu9n/article67666617.ece/alternates/LANDSCAPE_1200/BL04_Think_Rupee.jpg,2023-12-22,"Bank and NBFC loans to start-ups down over 80 per cent in 2023 
Its a cold (funding) winter for Indian start-ups. On one hand, start-ups find it cumbersome to raise capital from angels, venture capi… [+3008 chars]",,BusinessLine,1.0
"Shivaram Rajgopal, Contributor, 
 Shivaram Rajgopal, Contributor
 https://www.forbes.com/sites/shivaramrajgopal/",Tarred By The Same Brush: How Do Index Makers Deal With Corporate Governance?,MSCI ACWI ex-USA index underweights China and India. Is that a governance discount? Should investors push MSCI to aggressively weed out poorly governed stocks instead?,https://www.forbes.com/sites/shivaramrajgopal/2024/01/02/tarred-by-the-same-brush-how-do-index-makers-deal-with-corporate-governance/,https://imageio.forbes.com/specials-images/imageserve/6594d3d894a446c5410de33b/0x0.jpg?format=jpg&height=900&width=1600&fit=bounds,2024-01-03,MSCI ACWI ex-USA index underweights China and India. Is that a governance discount? Should investors push MSCI to aggressively weed out poorly governed stocks in these countries instead? Indian polic… [+13045 chars],,Forbes,1.0
Economic Times,HDFC Bank Stocks Live Updates: HDFC Bank Closes at Rs 1670.85 with 9.05% 1-Month Return,"Welcome to the HDFC Bank Stock Liveblog, your real-time source for the latest updates and comprehensive analysis on a prominent stock. Dive into the current details of HDFC Bank, including: Last traded price 1673.25, Market capitalization: 1266807.73, Volume:…",https://economictimes.indiatimes.com/markets/stocks/stock-liveblog/hdfc-bank-stocks-live-updates-26-dec-2023/liveblog/106278476.cms,"https://economictimes.indiatimes.com/thumb/msid-106278476,width-600,resizemode-4,imglength-12884/markets/stocks/stock-liveblog/hdfc-bank-stocks-live-updates-26-dec-2023.jpg",2023-12-26,"Voltas beko 8 Place Settings Table Top Dishwasher (2020/2021, DT8S, Silver, Inbuilt Heater)
Buy Now",the-times-of-india,The Times of India,0.0
Rakesh Patil,Market ends first week of 2024 with marginal losses; Realty index outperform,"Indian rupee reported marginal gains against the US dollar, as the domestic unit closed at 83.16 in the week ended January 5 against December 29 closing of 83.20.",https://www.moneycontrol.com/news/photos/business/markets/market-ends-first-week-of-2024-with-marginal-losses-realty-index-outperform-12007581.html,https://images.moneycontrol.com/static-mcnews/2024/01/bse_nse_stockmarket_nifty_sensex-1-770x433.jpg,2024-01-06,"Indian benchmark indices finished the first week of the New Year with marginal losses amid volatility and despite hitting fresh record highs on the first session on the year 2024.
For the week, BSE … [+2399 chars]",,Moneycontrol,
ETMarkets.com,"Hot Stocks: Brokerages view on HDFC Bank, Sun Pharma, HUL and Paytm",Macquarie maintained an outperform rating on HDFC Bank with a target price of Rs 2110. HDFC Bank is in Macquarie Asia impact selection list.,https://economictimes.indiatimes.com/markets/stocks/news/hot-stocks-brokerages-view-on-hdfc-bank-sun-pharma-hul-and-paytm/articleshow/105800017.cms,"https://img.etimg.com/thumb/msid-105800185,width-1200,height-630,imgsize-74210,overlay-etmarkets/photo.jpg",2023-12-07,"Brokerage firm Macquarie has an outperform rating on HDFC Bank and Sun Pharma as well as on HUL. Meanwhile, Morgan Stanley recommended an Equalweight rating on Paytm.We have collated a list of recomm… [+2139 chars]",the-times-of-india,The Times of India,0.0
,BSE : Listing of new debt securities of HDFC Bank Ltd.,"(marketscreener.com) NOTICES
 
 
 
 
 Notice No.
 
 
 
 
 20231221-4
 
 
 
 
 Notice Date
 
 
 
 
 21 Dec 2023
 
 
 
 
 
 
 
 
 ...https://www.marketscreener.com/quote/stock/BSE-LIMITED-33930062/news/BSE-Listing-of-new-debt-securities-of-HDFC-Bank-Ltd-4561414…",https://www.marketscreener.com/quote/stock/BSE-LIMITED-33930062/news/BSE-Listing-of-new-debt-securities-of-HDFC-Bank-Ltd-45614144/,https://www.marketscreener.com/images/twitter_MS_fdnoir.png,2023-12-21,"NOTICES
 <table><tr><td>
Notice No.
 </td><td></td><td>
20231221-4
 </td><td></td><td>
Notice Date
 </td><td></td><td>
21 Dec 2023
 </td></tr><tr><td></td></tr><tr><td>
Category
 </td><td>… [+2587 chars]",,Marketscreener.com,0.0
BL Mumbai Bureau,"SBI, HDFC Bank asked to set aside higher capital for loans","State Bank of India (SBI) and HDFC Bank, both domestic systemically important banks (D-SIBs), will be required to set aside higher capital for the loans they make with effect from April 1, 2025, in the backdrop of their balance sheets growing bigger",https://www.thehindubusinessline.com/money-and-banking/sbi-hdfc-bank-asked-to-set-aside-higher-capital-for-loans/article67684343.ece,https://bl-i.thgim.com/public/incoming/jlngc7/article67684447.ece/alternates/LANDSCAPE_1200/2023-12-27T063553Z_618945577_RC2H55AM1J3X_RTRMADP_3_INDIA-RBI-REPO.JPG,2023-12-28,"State Bank of India (SBI) and HDFC Bank, both domestic systemically important banks (D-SIBs), will be required to set aside higher capital for the loans they make with effect from April 1, 2025, in t… [+2199 chars]",,BusinessLine,1.0
Gurumurthy K & BL Research Bureau,"Bank Nifty prediction today – December 22, 2023: Stay out of the market","Bank Nifty index trading higher; HDFC Bank down 0.6%; Kotak Mahindra Bank up 1.17%; resistance at 48,170; break below 47,720 bearish; Bank Nifty December (48,020) down 0.18%; resistances at 48,180 & 48,200; stay out of market today.",https://www.thehindubusinessline.com/portfolio/technical-analysis/bank-nifty-prediction-today-december-22-2023-stay-out-of-the-market/article67664951.ece,https://bl-i.thgim.com/public/todays-paper/tp-others/h0r99e/article67622912.ece/alternates/LANDSCAPE_1200/DSP-Nifty-Small%2BGPCC4AGA3.5.jpg.jpg,2023-12-22,"Bank Nifty December futures (48,020)
The Bank Nifty index is trading higher. The index is currently at 47,930, up 0.20 per cent. The advances/ declines ratio is at 11:1. This indicates the overall s… [+1337 chars]",,BusinessLine,1.0
PTI,"Mcap: Nine of top-10 valued firms jumps ₹2.26 lakh crore; TCS, Infosys biggest gainers","Reliance Industries continued to retain the title of the most valued firm, followed by TCS, HDFC Bank, ICICI Bank, Infosys, Hindustan Unilever, State Bank of India, ITC, Bharti Airtel and LIC.",https://www.thehindubusinessline.com/markets/mcap-nine-of-top-10-valued-firms-jumps-226-lakh-crore-tcs-infosys-biggest-gainers/article67647158.ece,https://bl-i.thgim.com/public/news/hj9qra/article67630988.ece/alternates/LANDSCAPE_1200/stock%20market%20canva%2001478.jpg,2023-12-17,"The combined market valuation of nine of the top-10 most valued firms jumped 2.26 lakh crore last week, with Tata Consultancy Services (TCS) and Infosys emerging as the biggest gainers amid an overal… [+1601 chars]",,BusinessLine,
The Hills Times,HDFC Bank launches PayZapp campaign,"HT Bureau GUWAHATI, Dec 9: In a bid to enhance its consumer outreach, HDFC Bank, India’s leading private sector bank, has unveiled an engaging PayZapp campaign featuring popular actors Tiger Shroff, Prabhu Deva, and Kapil Sharma. The campaign, designed by Won…",https://thehillstimes.in/business/hdfc-bank-launches-payzapp-campaign,https://thehillstimes.in/wp-content/uploads/2023/12/Banner_Mobile.jpg,2023-12-09,"HT Bureau
GUWAHATI, Dec 9: In a bid to enhance its consumer outreach, HDFC Bank, Indias leading private sector bank, has unveiled an engaging PayZapp campaign featuring popular actors Tiger Shroff, … [+1562 chars]",,Thehillstimes.in,
Sunil Shankar Matkar,Innova Captab IPO: Issue opens on Dec 21 with fresh issue component of Rs 320 cr,"Innova Captab IPO | The initial public offering is a mix of fresh issue of shares worth Rs 320 crore, and an offer-for-sale (OFS) 55.80 lakh equity shares by the existing shareholders.",https://www.moneycontrol.com/news/business/ipo/innova-captab-ipo-issue-opens-on-dec-21-with-fresh-issue-component-of-rs-320-cr-11909981.html,https://images.moneycontrol.com/static-mcnews/2023/12/InnovaCaptab-770x433.jpg,2023-12-15,"Innova Captab, the contract development and manufacturing organization for Indian pharmaceutical companies, has finalised the opening date as December 21 for its upcoming public issue. The fundraisin… [+4620 chars]",,Moneycontrol,0.0
Economic Times,HDFC Bank Share Price Live Updates: HDFC Bank Closes at Rs 1652.9 with 6-Month Beta of 0.8861,"Stay updated with the HDFC Bank Stock Liveblog, your one-stop destination for real-time information and analysis of a leading stock. Explore the latest updates on HDFC Bank stock, including: Last traded price 1658.0, Market capitalization: 1253198.37, Volume:…",https://economictimes.indiatimes.com/markets/stocks/stock-liveblog/hdfc-bank-share-price-live-updates-20-dec-2023/liveblog/106139489.cms,"https://economictimes.indiatimes.com/thumb/msid-106139489,width-600,resizemode-4,imglength-12884/markets/stocks/stock-liveblog/hdfc-bank-share-price-live-updates-20-dec-2023.jpg",2023-12-20,"Elica 60 cm 1200 m3/hr Filterless Autoclean Kitchen Chimney (FL 600 SLIM HAC MS NERO, Touch + Motion Sensor Control, Black)
Buy Now",the-times-of-india,The Times of India,1.0
Economic Times,HDFC Bank Share Price Today Live Updates: HDFC Bank Closes at Rs 1698.1 with 9.17% 1-Month Return,"Discover the HDFC Bank Stock Liveblog, your ultimate resource for real-time updates and insightful analysis on a prominent stock. Keep track of HDFC Bank with the latest details, including: Last traded price 1698.8, Market capitalization: 1287468.18, Volume: …",https://economictimes.indiatimes.com/markets/stocks/stock-liveblog/hdfc-bank-share-price-today-live-updates-02-jan-2024/liveblog/106464011.cms,"https://economictimes.indiatimes.com/thumb/msid-106464011,width-600,resizemode-4,imglength-12884/markets/stocks/stock-liveblog/hdfc-bank-share-price-today-live-updates-02-jan-2024.jpg",2024-01-02,"Voltas beko 8 Place Settings Table Top Dishwasher (2020/2021, DT8S, Silver, Inbuilt Heater)
Buy Now",the-times-of-india,The Times of India,0.0
BL Mumbai Bureau,"HDFC Bank’s advances up 63% in Q3, deposits rise 28%","HDFC Bank’s gross advances rose 62.4 per cent y-o-y to ₹24.7 lakh crore as of December 31, 2023. Sequentially, the credit growth was at around 4.9 per cent.",https://www.thehindubusinessline.com/money-and-banking/hdfc-banks-advances-up-63-in-q3-deposits-rise-28/article67710312.ece,https://bl-i.thgim.com/public/incoming/orztse/article67710481.ece/alternates/LANDSCAPE_1200/IMG_hdfc_2_1_BGBEGFKA.jpg,2024-01-05,"HDFC Banks gross advances rose 62.4 per cent y-o-y to 24.7 lakh crore as of December 31, 2023. Sequentially, the credit growth was at around 4.9 per cent. 
Grossing up for transfers through inter-ba… [+1500 chars]",,BusinessLine,1.0
Sneha Kulkarni,HDFC Bank hikes loan interest rates by up to 5 bps: Check latest rates,"HDFC Bank’s MCLR ranges between 8.70 per cent and 9.30 per cent. The new rates are effective from December 7, 2023, according to the HDFC Bank website.",https://economictimes.indiatimes.com/wealth/borrow/hdfc-bank-hikes-loan-interest-rates-by-up-to-5-bps-check-latest-rates/articleshow/105802683.cms,"https://img.etimg.com/thumb/msid-105802749,width-1200,height-630,imgsize-153791,overlay-etwealth/photo.jpg",2023-12-07,"Adani Looks to Buy SP Group’s Gopalpur Ports Adani Ports and Special Economic Zone, Indias biggest maritime company by market capitalization, is in advanced talks to acquire Shapoorji Pallonji Groups… [+818 chars]",the-times-of-india,The Times of India,0.0
MarketBeat News,Maple Brown Abbott Ltd Purchases New Stake in HDFC Bank Limited (NYSE:HDB),"Maple Brown Abbott Ltd acquired a new position in shares of HDFC Bank Limited (NYSE:HDB – Free Report) in the 3rd quarter, according to its most recent Form 13F filing with the SEC. The firm acquired 25,117 shares of the bank’s stock, valued at approximately …",https://www.etfdailynews.com/2024/01/02/maple-brown-abbott-ltd-purchases-new-stake-in-hdfc-bank-limited-nysehdb/,https://www.americanbankingnews.com/wp-content/timthumb/timthumb.php?src=https://www.marketbeat.com/logos/hdfc-bank-ltd-logo.jpg&w=240&h=240&zc=2,2024-01-02,"Maple Brown Abbott Ltd acquired a new position in shares of HDFC Bank Limited (NYSE:HDB – Free Report) in the 3rd quarter, according to its most recent Form 13F filing with the SEC. The firm acquired… [+3659 chars]",,ETF Daily News,0.0
Madhav Suresh & BL Research Bureau,"Sensex journey from 60,000 to 70,000: An analysis","Sensex has touched yet another milestone by closing above 70,000. Earlier, the Sensex recovered past 60,000 in April this year and it took over 170 trading sessions to reach the 70k milestone. Given that the index is based on a free-float market cap, we analy…",https://www.thehindubusinessline.com/portfolio/sensex-journey-from-60000-to-70000-an-analysis/article67642013.ece,https://bl-i.thgim.com/public/incoming/5y54fh/article67538955.ece/alternates/LANDSCAPE_1200/PO16_Bullish_market.jpg,2023-12-16,"It is noteworthy to highlight that L&amp;Ts contribution to the upside was more than the next two stocks contribution put together. 
The list of best performers in terms of share price returns is di… [+477 chars]",,BusinessLine,
Economic Times,HDFC Bank Share Price Today Live Updates: HDFC Bank Closes at Rs 1655.7 with 3-Month Return of 1.64%,"Discover the HDFC Bank Stock Liveblog, your go-to destination for real-time updates and comprehensive analysis of a top-performing stock. Keep track of HDFC Bank's latest details, including: Last traded price 1650.0, Market capitalization: 1255321.28, Volume:…",https://economictimes.indiatimes.com/markets/stocks/stock-liveblog/hdfc-bank-share-price-today-live-updates-19-dec-2023/liveblog/106108108.cms,"https://economictimes.indiatimes.com/thumb/msid-106108108,width-600,resizemode-4,imglength-12884/markets/stocks/stock-liveblog/hdfc-bank-share-price-today-live-updates-19-dec-2023.jpg",2023-12-19,"Elica 60 cm 1200 m3/hr Filterless Autoclean Kitchen Chimney (FL 600 SLIM HAC MS NERO, Touch + Motion Sensor Control, Black)
Buy Now",the-times-of-india,The Times of India,0.0
Economic Times,HDFC Bank Share Price Live Updates: HDFC Bank Closes at Rs 1656.55 with Impressive 1-Month Return of 10.06%,"Welcome to the HDFC Bank Stock Liveblog, your real-time source for the latest updates and comprehensive analysis on a prominent stock. Dive into the current details of HDFC Bank, including: Last traded price 1660.7, Market capitalization: 1255965.74, Volume: …",https://economictimes.indiatimes.com/markets/stocks/stock-liveblog/hdfc-bank-share-price-live-updates-18-dec-2023/liveblog/106073771.cms,"https://economictimes.indiatimes.com/thumb/msid-106073771,width-600,resizemode-4,imglength-12884/markets/stocks/stock-liveblog/hdfc-bank-share-price-live-updates-18-dec-2023.jpg",2023-12-18,"LG 7 Kg 5 Star Inverter Touch panel Fully-Automatic Front Load Washing Machine with In-Built Heater (FHM1207SDM, Middle Black, Steam for Hygiene Wash), Free 1 Year Extended warranty
Buy Now",the-times-of-india,The Times of India,1.0
Economic Times,"HDFC Bank Stocks Live Updates: HDFC Bank Closes at Rs 1672.9 with a Volume of 167,806 Shares","Join us on the HDFC Bank Stock Liveblog, your hub for real-time updates and comprehensive analysis on a prominent stock. Stay in the know with the latest information about HDFC Bank, including: Last traded price 1678.0, Market capitalization: 1268362.0, Volum…",https://economictimes.indiatimes.com/markets/stocks/stock-liveblog/hdfc-bank-stocks-live-updates-04-jan-2024/liveblog/106529637.cms,"https://economictimes.indiatimes.com/thumb/msid-106529637,width-600,resizemode-4,imglength-12884/markets/stocks/stock-liveblog/hdfc-bank-stocks-live-updates-04-jan-2024.jpg",2024-01-04,"Voltas beko 8 Place Settings Table Top Dishwasher (2020/2021, DT8S, Silver, Inbuilt Heater)
Buy Now",the-times-of-india,The Times of India,0.0
Moneycontrol News,"Mid-day Mood | Sensex, Nifty trade in red for 2nd day as investors take money off the table",Investors continued to book profits which dragged the benchmarks Nifty 50 and the Sensex down in the red for a second straight session.,https://www.moneycontrol.com/news/business/markets/mid-day-mood-sensex-nifty-trade-in-red-for-2nd-day-as-investors-take-money-off-the-table-11896941.html,https://images.moneycontrol.com/static-mcnews/2023/12/Sensex_nifty_market_down_Sensex-770x433.jpg,2023-12-13,The benchmark Sensex and Nifty extended their losses from the previous session and continued to trade in the red as of mid-day on December 13. Investors continued to book profits off the recent stell… [+3659 chars],,Moneycontrol,1.0
MarketBeat News,Migdal Insurance & Financial Holdings Ltd. Raises Stock Holdings in HDFC Bank Limited (NYSE:HDB),"Migdal Insurance & Financial Holdings Ltd. boosted its holdings in shares of HDFC Bank Limited (NYSE:HDB – Free Report) by 31.7% during the 3rd quarter, according to its most recent 13F filing with the Securities & Exchange Commission. The fund owned 10,388 s…",https://www.etfdailynews.com/2024/01/05/migdal-insurance-financial-holdings-ltd-raises-stock-holdings-in-hdfc-bank-limited-nysehdb/,https://www.americanbankingnews.com/wp-content/timthumb/timthumb.php?src=https://www.marketbeat.com/logos/hdfc-bank-ltd-logo.jpg&w=240&h=240&zc=2,2024-01-05,"Migdal Insurance &amp; Financial Holdings Ltd. boosted its holdings in shares of HDFC Bank Limited (NYSE:HDB – Free Report) by 31.7% during the 3rd quarter, according to its most recent 13F filing wi… [+3556 chars]",,ETF Daily News,1.0
Lovisha Darad,"Sensex, Nifty rise after 2 days of profit-booking, largecap flavour plays out",Analysts expect bullish undertone to remain intact in the near-term due to strong fundamentals,https://www.moneycontrol.com/news/business/markets/sensex-nifty-rise-after-2-days-of-profit-booking-largecap-flavour-plays-out-11996761.html,https://images.moneycontrol.com/static-mcnews/2024/01/Sensex_up_higher-770x433.jpg,2024-01-04,"After two-days of profit-booking, domestic markets traded on a positive note on January 4, supported by gains in largecaps like Bajaj twins, HDFC Bank, and Reliance Industries.
The benchmark BSE Sen… [+2273 chars]",,Moneycontrol,0.0
Harshita Tyagi,"Mid-day Mood | Nifty, Sensex slip on mild-profit booking, analysts see upside in 2024",BSE Midcap and Smallcap indices were trading with marginal gains of 0.48 percent and 0.53 percent respectively.,https://www.moneycontrol.com/news/business/markets/mid-day-mood-nifty-sensex-slip-on-mild-profit-booking-analysts-see-upside-in-2024-11971981.html,https://images.moneycontrol.com/static-mcnews/2023/12/sensex_nifty_sensexdown-2-770x433.jpg,2023-12-29,"Benchmark Sensex and Nifty traded marginally in the red around mid-day on December 29 as the indices recorded mild profit-booking after scaling fresh record highs in the previous session.
At 12:07pm… [+3567 chars]",,Moneycontrol,0.0
Sunil Shankar Matkar,"Technical View | 20,850 support crucial for further selling pressure in Nifty 50","The options data indicated that the 21,000 is expected to remain a crucial resistance level as crossing of the same can take the Nifty 50 towards 21,200 levels, with immediate support at 20,900.",https://www.moneycontrol.com/news/business/markets/technical-view-20850-support-crucial-for-further-selling-pressure-in-nifty-50-11892961.html,https://images.moneycontrol.com/static-mcnews/2023/11/sensex_nifty_sensexdown-1-770x433.jpg,2023-12-12,The Nifty 50 hit a fresh record high on an intraday basis but failed to sustain those gains due to selling pressure and closed lower on December 12. The index has formed a bearish candlestick pattern… [+3275 chars],,Moneycontrol,1.0
Moneycontrol News,"Stock market holiday today: BSE, NSE to remain shut for Christmas","On Friday, Indian rupee ended 12 paise higher at 83.15 per dollar versus Thursday#39;s close of 83.27.",https://www.moneycontrol.com/news/business/markets/stock-market-holiday-today-bse-nse-to-remain-shut-for-christmas-11951671.html,https://images.moneycontrol.com/static-mcnews/2023/12/bse_nse_stockmarket_nifty_sensex-770x433.jpg,2023-12-25,"The National Stock Exchange (NSE) and the Bombay Stock Exchange (BSE) will remain shut on December 25 on account of Christmas. There will be no trading in equities, equity derivatives, interest rate … [+2900 chars]",,Moneycontrol,
BL Mumbai Bureau,HDFC Bank joins ‘cash segment trading via block mechanism’ in secondary market,"This mechanism, akin to ASBA for primary markets, retains investor funds in their savings accounts while blocking necessary amounts, streamlining trading processes.",https://www.thehindubusinessline.com/money-and-banking/hdfc-bank-joins-cash-segment-trading-via-block-mechanism-in-secondary-market/article67696367.ece,https://bl-i.thgim.com/public/incoming/e06s20/article67430500.ece/alternates/LANDSCAPE_1200/2023-10-16T061959Z_951206598_RC2HT3AW9HH6_RTRMADP_3_HDFC-BANK-RESULTS.JPG,2024-01-02,"HDFC Bank said it acted as a sponsor and destination bank for Trading supported by Blocked Amount in Secondary Market, which kicked off on Monday on the Indian Stock Exchanges. 
SEBI and Stock Excha… [+1035 chars]",,BusinessLine,0.0
Sunil Shankar Matkar,Trade setup for Monday: 15 things to know before opening bell,"Based on the OI percentage, 62 stocks were on the short-covering list. These include SAIL, Hindustan Copper, GMR Airports Infrastructure, Hero MotoCorp, and L&amp;T Finance Holdings.",https://www.moneycontrol.com/news/business/markets/trade-setup-for-monday-15-things-to-know-before-opening-bell-9-11916211.html,https://images.moneycontrol.com/static-mcnews/2023/12/stocks_market-stock_stock-770x433.jpg,2023-12-17,"After recent consolidation, the bulls seem to have gained solid strength as the market recorded sharp upmove for second consecutive session and moved closer to 21,500 mark on December 15. The momentu… [+9092 chars]",,Moneycontrol,
MarketBeat News,DnB Asset Management AS Raises Position in HDFC Bank Limited (NYSE:HDB),"DnB Asset Management AS grew its position in HDFC Bank Limited (NYSE:HDB – Free Report) by 11.7% in the 3rd quarter, Holdings Channel reports. The institutional investor owned 300,717 shares of the bank’s stock after purchasing an additional 31,533 shares dur…",https://www.etfdailynews.com/2023/12/21/dnb-asset-management-as-raises-position-in-hdfc-bank-limited-nysehdb/,https://www.americanbankingnews.com/wp-content/timthumb/timthumb.php?src=https://www.marketbeat.com/logos/hdfc-bank-ltd-logo.jpg&w=240&h=240&zc=2,2023-12-21,"DnB Asset Management AS grew its position in HDFC Bank Limited (NYSE:HDB – Free Report) by 11.7% in the 3rd quarter, Holdings Channel reports. The institutional investor owned 300,717 shares of the b… [+3614 chars]",,ETF Daily News,0.0
PTI,Reserve Bank continues battle against inflation; all eyes on possible rate cut in 2024,"Also, some analysts point to the Consumer Price Inflation (CPI) falling below the 4 per cent mark in mid-2024 and then, there will be prospects of a rate cut.",https://www.moneycontrol.com/news/business/economy/reserve-bank-continues-battle-against-inflation-all-eyes-on-possible-rate-cut-in-2024-11966601.html,https://images.moneycontrol.com/static-mcnews/2023/02/395623333-770x433.jpg,2023-12-28,"For five consecutive policy reviews in 2023, the Reserve Bank of India (RBI) chose to hold rates, citing inflation threat. And when the prices did cool off a bit, it reminded all about the target to … [+4012 chars]",,Moneycontrol,1.0
Livemint,"RBI reshuffles classification of domestic systemically important banks; SBI, HDFC Bank move to higher buckets","'SBI and HDFC Bank move to higher buckets – SBI shifts from bucket 3 to bucket 4 and HDFC Bank shifts from bucket 1 to bucket 2,' said the RBI in its statement today",https://www.livemint.com/industry/banking/rbi-reshuffles-classification-of-domestic-systemically-important-banks-sbi-hdfc-bank-moved-to-higher-buckets-11703765173518.html,https://www.livemint.com/lm-img/img/2023/12/28/1600x900/LiveMint_1703765182736_1703765182901.jpg,2023-12-28,"The Reserve Bank of India (RBI) issued its list of Domestic Systemically Important Banks (D-SIBs) on Thursday, December 27, in which it moved State Bank of India (SBI) and HDFC Bank to higher buckets… [+2133 chars]",,Livemint,1.0
PTI,M-cap of 8 of top-10 most valued firms jump ₹1.29-lakh cr; HDFC Bank biggest gainer,"Last week, the BSE benchmark jumped 1,133.3 points or 1.59 per cent. The index reached its all-time high of 72,484.34 on December 28.",https://www.thehindubusinessline.com/markets/m-cap-of-8-of-top-10-most-valued-firms-jump-129-lakh-cr-hdfc-bank-biggest-gainer/article67692348.ece,https://bl-i.thgim.com/public/incoming/ftgojp/article67690393.ece/alternates/LANDSCAPE_1200/PO06_Market_chart.jpg,2023-12-31,"The combined market valuation of eight of the top-10 most valued firms jumped 1,29,899.22 crore in a holiday-shortened last week, where equity benchmark indices recorded a sharp rally.
Last week, th… [+1501 chars]",,BusinessLine,
MarketBeat News,HDFC Bank Limited (NYSE:HDB) Shares Bought by Summit Global Investments,"Summit Global Investments grew its holdings in shares of HDFC Bank Limited (NYSE:HDB – Free Report) by 30.3% during the third quarter, according to the company in its most recent Form 13F filing with the Securities and Exchange Commission. The fund owned 73,8…",https://www.etfdailynews.com/2023/12/22/hdfc-bank-limited-nysehdb-shares-bought-by-summit-global-investments/,https://www.americanbankingnews.com/wp-content/timthumb/timthumb.php?src=https://www.marketbeat.com/logos/hdfc-bank-ltd-logo.jpg&w=240&h=240&zc=2,2023-12-22,"Summit Global Investments grew its holdings in shares of HDFC Bank Limited (NYSE:HDB – Free Report) by 30.3% during the third quarter, according to the company in its most recent Form 13F filing with… [+3410 chars]",,ETF Daily News,1.0
ETMarkets.com,Stock market update: Stocks that hit 52-week lows on NSE,"HDFC Life,  Nestle India,  SBI Life,  Britannia and  Axis Bank were among the top losers on NSE.",https://economictimes.indiatimes.com/markets/stocks/stock-watch/stock-market-update-stocks-that-hit-52-week-lows-on-nse/articleshow/106010752.cms,"https://img.etimg.com/thumb/msid-83735827,width-1200,height-630,imgsize-166342,overlay-etmarkets/photo.jpg",2023-12-15,"NEW DELHI: Vaxtex Cotfab, SEL Manufact, Raj Rayon, Winsome Yarns and Lakshmi Precis and others were among the stocks that touched their 52-week lows as of 10:55AM(IST)in Friday's session. Domestic be… [+467 chars]",the-times-of-india,The Times of India,0.0
MarketBeat News,"Sarasin & Partners LLP Sells 68,430 Shares of HDFC Bank Limited (NYSE:HDB)","Sarasin & Partners LLP lessened its stake in HDFC Bank Limited (NYSE:HDB – Free Report) by 2.6% in the third quarter, according to the company in its most recent 13F filing with the Securities and Exchange Commission. The firm owned 2,580,976 shares of the ba…",https://www.etfdailynews.com/2023/12/14/sarasin-partners-llp-sells-68430-shares-of-hdfc-bank-limited-nysehdb/,https://www.americanbankingnews.com/wp-content/timthumb/timthumb.php?src=https://www.marketbeat.com/logos/hdfc-bank-ltd-logo.jpg&w=240&h=240&zc=2,2023-12-14,"Sarasin &amp; Partners LLP lessened its stake in HDFC Bank Limited (NYSE:HDB – Free Report) by 2.6% in the third quarter, according to the company in its most recent 13F filing with the Securities an… [+4422 chars]",,ETF Daily News,0.0
MarketBeat News,HDFC Bank Limited (NYSE:HDB) Position Lifted by Foresight Global Investors Inc.,"Foresight Global Investors Inc. lifted its stake in HDFC Bank Limited (NYSE:HDB – Free Report) by 236.8% in the 3rd quarter, according to its most recent filing with the Securities and Exchange Commission (SEC). The institutional investor owned 159,892 shares…",https://www.etfdailynews.com/2024/01/01/hdfc-bank-limited-nysehdb-position-lifted-by-foresight-global-investors-inc/,https://www.americanbankingnews.com/wp-content/timthumb/timthumb.php?src=https://www.marketbeat.com/logos/hdfc-bank-ltd-logo.jpg&w=240&h=240&zc=2,2024-01-01,"Foresight Global Investors Inc. lifted its stake in HDFC Bank Limited (NYSE:HDB – Free Report) by 236.8% in the 3rd quarter, according to its most recent filing with the Securities and Exchange Commi… [+4082 chars]",,ETF Daily News,1.0
Kumar Shankar Roy & BL Research Bureau,"Amidst rising markets, give your portfolio a large cap tilt with HDFC Top 100 Fund","Large-cap stocks offer better valuation comfort than mid- and small-caps. HDFC Top 100 Fund is a prudent choice for long-term portfolio growth with strong pedigree, performance turnaround, and blend of growth and value approach. Return opportunity high as Ind…",https://www.thehindubusinessline.com/portfolio/amidst-rising-markets-give-your-portfolio-a-large-cap-tilt-with-hdfc-top-100-fund/article67633638.ece,https://bl-i.thgim.com/public/incoming/tvjysy/article67109399.ece/alternates/LANDSCAPE_1200/PO23_Mountain%20peak.jpg,2023-12-15,"With the Indian markets reaching uncharted territories, large-cap stocks i.e. shares of the top 100 companies by market capitalisation, today offer better valuation comfort than mid-caps and small-ca… [+5126 chars]",,BusinessLine,0.0
ETMarkets.com,Stock market update: Stocks that hit 52-week lows on NSE in today's trade,"TCS,  Infosys,  Axis Bank,  Bajaj Finserv and  HDFC Life were among the top losers on NSE in today's trade.",https://economictimes.indiatimes.com/markets/stocks/stock-watch/stock-market-update-stocks-that-hit-52-week-lows-on-nse-in-todays-trade/articleshow/105962139.cms,"https://img.etimg.com/thumb/msid-82697732,width-1200,height-630,imgsize-184256,overlay-etmarkets/photo.jpg",2023-12-13,"(What's moving Sensex and Nifty Track latest market news, stock tips and expert advice on ETMarkets. Also, ETMarkets.com is now on Telegram. For fastest news alerts on financial markets, investment s… [+396 chars]",the-times-of-india,The Times of India,1.0
MarketBeat News,HDFC Bank Limited (NYSE:HDB) is Ativo Capital Management LLC’s 6th Largest Position,"Ativo Capital Management LLC reduced its stake in shares of HDFC Bank Limited (NYSE:HDB – Free Report) by 1.2% in the third quarter, according to its most recent disclosure with the Securities and Exchange Commission. The firm owned 54,716 shares of the bank’…",https://www.etfdailynews.com/2023/12/22/hdfc-bank-limited-nysehdb-is-ativo-capital-management-llcs-6th-largest-position/,https://www.americanbankingnews.com/wp-content/timthumb/timthumb.php?src=https://www.marketbeat.com/logos/hdfc-bank-ltd-logo.jpg&w=240&h=240&zc=2,2023-12-22,"Ativo Capital Management LLC reduced its stake in shares of HDFC Bank Limited (NYSE:HDB – Free Report) by 1.2% in the third quarter, according to its most recent disclosure with the Securities and Ex… [+4137 chars]",,ETF Daily News,1.0
PTI,"Sensex falls 535 pts dragged by HDFC & IT shares, weak global trends","Sensex fell by 535.88 points or 0.75 per cent to settle at 71,356.60, while Nifty slipped 148.45 points or 0.69 per cent to 21,517.35.",https://www.thehindubusinessline.com/markets/sensex-falls-535-pts-dragged-by-hdfc-it-shares-weak-global-trends/article67701706.ece,https://bl-i.thgim.com/public/incoming/af6x27/article67701756.ece/alternates/LANDSCAPE_1200/IMG_PO31_Investor_2_1_9MC74RK2.jpg,2024-01-03,"Stock markets declined for a second day in a row on Wednesday with benchmark Sensex closing lower by 535 points due to selling in HDFC Bank and IT shares amid weak global trends.
 The 30-share BSE S… [+1990 chars]",,BusinessLine,1.0
MarketBeat News,"Caxton Associates LP Acquires Shares of 75,528 HDFC Bank Limited (NYSE:HDB)","Caxton Associates LP acquired a new stake in shares of HDFC Bank Limited (NYSE:HDB – Free Report) during the 2nd quarter, according to its most recent 13F filing with the SEC. The firm acquired 75,528 shares of the bank’s stock, valued at approximately $5,264…",https://www.etfdailynews.com/2023/12/12/caxton-associates-lp-acquires-shares-of-75528-hdfc-bank-limited-nysehdb/,https://www.americanbankingnews.com/wp-content/timthumb/timthumb.php?src=https://www.marketbeat.com/logos/hdfc-bank-ltd-logo.jpg&w=240&h=240&zc=2,2023-12-12,"Caxton Associates LP acquired a new stake in shares of HDFC Bank Limited (NYSE:HDB – Free Report) during the 2nd quarter, according to its most recent 13F filing with the SEC. The firm acquired 75,52… [+3544 chars]",,ETF Daily News,1.0
Kshitij Anand,Nifty Bank falls over 400 points; experts advise caution ahead,"The fall in the index was led by losses in PNB, Bandhan Bank, IDFC First Bank, Bank of Baroda and SBI while some buying was seen in AU Small Finance Bank and HDFC Bank.",https://economictimes.indiatimes.com/markets/options/nifty-bank-falls-over-400-points-experts-advise-caution-ahead/articleshow/106155477.cms,"https://img.etimg.com/thumb/msid-106155502,width-1200,height-630,imgsize-54368,overlay-etmarkets/photo.jpg",2023-12-20,The Nifty Bank fell nearly 1% on Wednesday in line with the weakness seen in the benchmark indices as traders preferred to book profits after the recent rally.The index fell 425 points to close at 47… [+2107 chars],the-times-of-india,The Times of India,1.0
PTI,All in a year: Equity market investors turn richer by Rs 80.62 lakh crore in 2023,"Experts said India#39;s strong macroeconomic fundamentals, political stability owing to the BJP#39;s success in recent elections in three significant states, optimistic corporate earnings outlook, signals from the US Federal Reserve about three prospective ra…",https://www.moneycontrol.com/news/business/markets/all-in-a-year-equity-market-investors-turn-richer-by-rs-80-62-lakh-crore-in-2023-11971131.html,https://images.moneycontrol.com/static-mcnews/2023/12/stocks2-1-770x433.jpg,2023-12-29,"In a memorable year for the equity market, Dalal Street investors added a whopping Rs 80.62 lakh crore to their wealth in 2023 as a raft of positive factors powered a stellar rally in stocks.
Expert… [+5100 chars]",,Moneycontrol,0.0
Sunil Shankar Matkar,Trade setup for Wednesday: 15 things to know before opening bell,"A long build-up was seen in 58 stocks, which included Tata Communications, Tata Chemicals, Atul, M&amp;M Financial Services, and Hero MotoCorp",https://www.moneycontrol.com/news/business/markets/trade-setup-for-wednesday-15-things-to-know-before-opening-bell-14-11958681.html,https://images.moneycontrol.com/static-mcnews/2023/11/sensex_nifty1-770x433.jpg,2023-12-26,"The market is expected to remain rangebound with a positive bias with the Nifty 50 facing hurdle at 21,500-21,600 on the higher side, and taking support at 21,200-21,000 levels in coming sessions, wh… [+8747 chars]",,Moneycontrol,0.0
PTI,CESC to raise Rs 100 crore from Axis Bank via NCDs,​Power utility CESC Ltd on Friday said it received board's approval for raising Rs 100 crore from Axis Bank through issue of non-convertible debentures on private placement basis.,https://economictimes.indiatimes.com/markets/stocks/news/cesc-to-raise-rs-100-crore-from-axis-bank-via-ncds/articleshow/106374193.cms,"https://img.etimg.com/thumb/msid-106374248,width-1200,height-630,imgsize-2797196,overlay-etmarkets/photo.jpg",2023-12-29,"(What's moving Sensex and Nifty Track latest market news, stock tips and expert advice on ETMarkets. Also, ETMarkets.com is now on Telegram. For fastest news alerts on financial markets, investment s… [+396 chars]",the-times-of-india,The Times of India,0.0
Sunil Shankar Matkar,Trade setup for Thursday: 14 things to know before opening bell,"The Nifty Put Call ratio (PCR), which indicates the mood of the equity market, dropped sharply to 0.68 on December 20, from 1.13 levels in the previous session. This indicates increase in bullish sentiment",https://www.moneycontrol.com/news/business/markets/trade-setup-for-thursday-14-things-to-know-before-opening-bell-11935181.html,https://images.moneycontrol.com/static-mcnews/2023/10/Nifty_sensex-6-770x433.jpg,2023-12-20,The market finally caught into the much-awaited major profit booking and lost more than 400 points from its record high touched in the morning session on December 20 despite the positive mood at glob… [+9114 chars],,Moneycontrol,1.0
Abeer Ray,"HDFC Life introduced HDFC Life Click 2 Achieve, featuring guaranteed benefits. Details here","HDFC Life Insurance has unveiled an unprecedented, highly flexible guaranteed income plan, allowing policyholders to determine their preferred income distribution (immediate, deferred, lump sum, etc.).",https://www.livemint.com/money/personal-finance/hdfc-life-introduced-hdfc-life-click-2-achieve-featuring-guaranteed-benefits-details-here-11702401669615.html,https://www.livemint.com/lm-img/img/2023/12/12/1600x900/The-Insurance-Regulatory-and-Development-Authority_1685722869186_1702401988492.jpg,2023-12-13,<ul><li>Experience an assured immediate income as soon as the following policy month begins.</li><li>Benefit from complete flexibility tailor your plan to receive advantages in the form of immediate … [+1652 chars],,Livemint,1.0
Navdeep Singh,"Sensex, Nifty open on lacklustre note as TCS, HDFC Bank trade with cuts","From the Sensex stocks, Nestle India, Sun Pharma, Reliance Industries, NTPC, and Maruti opened in the green, while TCS, HDFC Bank, IndusInd Bank, and Kotak Bank opened in the red.",https://economictimes.indiatimes.com/markets/stocks/news/sensex-nifty-open-on-lacklustre-note-as-tcs-hdfc-bank-trade-with-cuts/articleshow/106109771.cms,"https://img.etimg.com/thumb/msid-106109849,width-1200,height-630,imgsize-17788,overlay-etmarkets/photo.jpg",2023-12-19,"Indian benchmark equity indices opened flat on Tuesday amid mixed global cues, with gains in Reliance Industries, Infosys and ITC offset by TCS and HDFC Bank.The BSE Sensex was trading 56 points or 0… [+671 chars]",the-times-of-india,The Times of India,0.0
Livemint,"HDFC Bank raises ₹7,425 crore via bonds to fund infra, affordable housing projects","HDFC Bank issued 742,500 bonds of face value  ₹100,000 each",https://www.livemint.com/companies/news/hdfc-bank-raises-rs-7-425-crore-via-bonds-to-fund-infra-affordable-housing-projects-11703071456711.html,https://www.livemint.com/lm-img/img/2023/12/20/1600x900/hdfc_1703071585562_1703071585738.jpg,2023-12-20,"Private sector lender HDFC Bank on Wednesday said it has raised 7,425 crore via non-convertible bonds to fund infrastructure and affordable housing projects. In a regulatory filing, HDFC Bank said th… [+753 chars]",,Livemint,1.0
Ravi Ananthanarayanan,Moneycontrol Pro Panorama | A pause for breath?Â,"In today#39;s edition of Moneycontrol Pro Panorama: Chinaâs stimulus move not enough, Indian IT return as investor favourite, Indian pharma growth trends downwards, Mahua Moitraâs expulsion buries political hatchet, and more",https://www.moneycontrol.com/news/opinion/moneycontrol-pro-panorama-a-pause-for-breath-11921241.html,https://images.moneycontrol.com/static-mcnews/2023/12/stocks_sensex_nifty_stockmarket1-770x433.jpg,2023-12-18,"Dear Reader,
The Panorama newsletter is sent to Moneycontrol Pro subscribers on market days. It offers easy access to stories published on Moneycontrol Pro and gives a little extra by setting out a … [+5062 chars]",,Moneycontrol,1.0
Neelanjit Das,Son fights for 9 years with HDFC Bank to get Rs 5 lakh accidental death insurance cover on debit card,​National Consumer Disputes Redressal Commission (NCDRC) has ordered HDFC Bank to pay Rs 5 lakh as accidental death insurance cover to the son of its deceased customer. The deceased had a savings bank account with HDFC Bank and also an debit card. This debit …,https://economictimes.indiatimes.com/wealth/personal-finance-news/son-fights-for-years-with-hdfc-bank-to-get-rs-5-lakh-accidental-death-insurance-cover-on-debit-card/articleshow/106367970.cms,"https://img.etimg.com/thumb/msid-106367937,width-1200,height-630,imgsize-148022,overlay-etwealth/photo.jpg",2023-12-29,"HDFC Bank was ordered to pay Rs 5 lakh by NCDRC as insurance benefit to the son of a deceased customer, who had an HDFC Bank debit card with Rs 5 lakh accidental death insurance coverage. However, th… [+5932 chars]",the-times-of-india,The Times of India,0.0
Sneha Kulkarni,Top banks latest bulk deposit interest rates: SBI vs HDFC Bank vs ICICI Bank vs PNB vs Axis Bank,"Here are the details of the interest rate for SBI, HDFC Bank, ICICI Bank, Axis Bank, and PNB on bulk fixed deposits (FDs) of Rs 2 crore and above.",https://economictimes.indiatimes.com/wealth/invest/top-banks-latest-bulk-deposit-interest-rates-sbi-vs-hdfc-bank-vs-icici-bank-vs-pnb-vs-axis-bank/articleshow/105898210.cms,"https://img.etimg.com/thumb/msid-105898207,width-1200,height-630,imgsize-111281,overlay-etwealth/photo.jpg",2023-12-11,Pre-pack Scheme Under IBC Likely for Large Cos TooThe government is preparing an enabling provision for a compact and largely informal bankruptcy settlement process for faster resolution for large fi… [+608 chars],the-times-of-india,The Times of India,0.0
The Hills Times,HDFC Bank launches 15th edition of nationwide blood donation drive,"HT Bureau GUWAHATI, Dec 8: HDFC Bank, a leading private sector bank in India, has initiated its 15th edition of the nationwide ‘Blood Donation Drive,’ which commenced on Friday. Under its flagship CSR initiative, Parivartan, the bank is organising blood donat…",https://thehillstimes.in/assam/hdfc-bank-launches-15th-edition-of-nationwide-blood-donation-drive,https://thehillstimes.in/wp-content/uploads/2023/12/1608294481hdfc-bank-vector-logo.png,2023-12-09,"HT Bureau
GUWAHATI, Dec 8: HDFC Bank, a leading private sector bank in India, has initiated its 15th edition of the nationwide Blood Donation Drive, which commenced on Friday. Under its flagship CSR… [+1710 chars]",,Thehillstimes.in,
ET Now,Will premium on HDFC Bank and Kotak Mahindra Bank come back soon? Saurabh Mukherjea explains,"“The smallcap inflows have been so overwhelming that the overvaluation of smallcaps relative to largecaps is at an all-time high. There is no precedent in Indian history for what we have seen in the last couple of years. Given that anomaly, the re-pricing of …",https://economictimes.indiatimes.com/markets/expert-view/will-premium-on-hdfc-bank-and-kotak-mahindra-bank-come-back-soon-saurabh-mukherjea-explains/articleshow/106169394.cms,"https://img.etimg.com/thumb/msid-106169362,width-1200,height-630,imgsize-22748,overlay-etmarkets/photo.jpg",2023-12-21,"Saurabh Mukherjea, Founder, Marcellus Investment Managers, says if you take a 10-20 year view, as we try to do in our Consistent Compounders portfolio, you stay with high quality, cautious, prudent l… [+6139 chars]",the-times-of-india,The Times of India,0.0
Mayur Shetty,HDFC Bank shares slip marginally as deposit growth slows in Q3FY24,India Business News: Mumbai: HDFC Bank shares declined by approximately 0.,https://timesofindia.indiatimes.com/business/india-business/hdfc-bank-shares-slip-marginally-as-deposit-growth-slows-in-q3fy24/articleshow/106590424.cms,"https://static.toiimg.com/thumb/msid-106590422,width-1070,height-580,imgsize-108119,resizemode-75,overlay-toi_sw,pt-32,y_pad-40/photo.jpg",2024-01-06,"FD Calculator
When investing in a fixed deposit, the amount you deposit earns interest as per the prevailing...
Calculate Now",the-times-of-india,The Times of India,
PTI,Tata Motors partners HDFC Bank for commercial vehicle financing,"The two companies have signed a Memorandum of Understanding (MoU) to this effect, Tata Motors said in a statement.",https://www.moneycontrol.com/news/business/tata-motors-partners-hdfc-bank-for-commercial-vehicle-financing-11869141.html,https://images.moneycontrol.com/static-mcnews/2023/12/Tata-Motors-partners-HDFC-Bank-for-commercial-vehicle-financing-770x433.jpg,2023-12-07,Tata Motors on Thursday said it has partnered with HDFC Bank to provide digital financing solutions for its commercial vehicle customers. The two companies have signed a Memorandum of Understanding (… [+1480 chars],,Moneycontrol,0.0
The Hills Times,"HDFC Bank, RBI Innovation Hub unveil i-Innovate","HT Bureau GUWAHATI, Dec 7: In a groundbreaking collaboration, HDFC Bank has joined forces with the Reserve Bank Innovation Hub (RBIH) to introduce i-Innovate, a strategic initiative poised to reshape the landscape of financial inclusion for differently abled …",https://thehillstimes.in/business/hdfc-bank-rbi-innovation-hub-unveil-i-innovate,https://thehillstimes.in/wp-content/uploads/2023/12/rbi-reuters-1.jpg,2023-12-07,"HT Bureau
GUWAHATI, Dec 7: In a groundbreaking collaboration, HDFC Bank has joined forces with the Reserve Bank Innovation Hub (RBIH) to introduce i-Innovate, a strategic initiative poised to reshap… [+1832 chars]",,Thehillstimes.in,0.0
Investing.com,Tata Motors partners with HDFC Bank to offer digital financing for commercial vehicles,Tata Motors partners with HDFC Bank to offer digital financing for commercial vehicles,https://www.investing.com/news/stock-market-news/tata-motors-partners-with-hdfc-bank-to-offer-digital-financing-for-commercial-vehicles-93CH-3252126,https://i-invdn-com.investing.com/news/LYNXMPEA7D094_L.jpg,2023-12-07,"MUMBAI - Tata Motors (NYSE:TTM), a leading automobile manufacturer, has announced a partnership with HDFC Bank to provide innovative digital financing solutions to its commercial vehicle customers. T… [+1157 chars]",,Investing.com,0.0
Investing.com,"Sensex hits record high, led by HDFC Bank and LIC growth","Sensex hits record high, led by HDFC Bank and LIC growth",https://www.investing.com/news/stock-market-news/sensex-hits-record-high-led-by-hdfc-bank-and-lic-growth-93CH-3253211,https://i-invdn-com.investing.com/news/LYNXMPECBE0OL_L.jpg,2023-12-10,"MUMBAI - India's stock market closed the week on an upbeat note, with the BSE benchmark Sensex reaching a new record high. On Friday, the Sensex soared to a closing peak of 69,825.60, after hitting a… [+1826 chars]",,Investing.com,
ET Now,"Expect some more cuts in small, midcap segments; largecaps to lead next leg of rally: Amnish Aggarwal","“ if you look at most of the largecap names like Reliance, HDFC Bank and if you look slightly longer over the last say 12 months or so, even ICICI Bank has not done anything. Given  the fact that both Reliance and HDFC Banks stocks have got a considerable wei…",https://economictimes.indiatimes.com/markets/expert-view/expect-some-more-cuts-in-small-midcap-segments-largecaps-to-lead-next-leg-of-rally-amnish-aggarwal/articleshow/106172806.cms,"https://img.etimg.com/thumb/msid-106172881,width-1200,height-630,imgsize-27050,overlay-etmarkets/photo.jpg",2023-12-21,"Amnish Aggarwal, Head-Reasearch, Prabhudas Lilladher, says this is not the end of the bull market and there is no change in the stance as far as the economy or the markets over the medium to long ter… [+8704 chars]",the-times-of-india,The Times of India,0.0
Moneycontrol News,"Shriram Finance could replace UPL, attracting an inflow of $217 mn: Nuvama analysis",The official list for the Nifty 50 rejig will be announced in late February 2024.,https://www.moneycontrol.com/news/business/markets/shriram-finance-could-replace-upl-attracting-an-inflow-of-217-mn-nuvama-analysis-11892521.html,https://images.moneycontrol.com/static-mcnews/2023/12/Stock-Market-1-3-770x433.jpg,2023-12-12,"Nuvama's strategists predict Shriram Finance Ltd may enter Nifty50 in March 2024, possibly replacing UPL. This change could bring $217 million inflow to Shriram and $114 million outflow from UPL. The… [+1358 chars]",,Moneycontrol,1.0
Moneycontrol News,Outlook 2024: Corporate chieftains highly bullish on India growth story,"Prominent figures such as Deepak Parekh, Narayana Murthy, Uday Kotak, and Kiran Mazumdar, among others, expressed their unwavering optimism about India#39;s trajectory and future prospects.",https://www.moneycontrol.com/news/business/outlook-2024-corporate-chieftains-highly-bullish-on-india-growth-story-11972071.html,https://images.moneycontrol.com/static-mcnews/2022/11/indian-economy-shutterstock-580x435.jpg,2023-12-29,"Ahead of the New Year 2024, India Inc bigwigs seem to be on the same page when it comes to India's growth trajectory, as Deepak Parekh, NR Narayana Murthy, Uday Kotak and Kiran Mazumdar Shaw shared t… [+3563 chars]",,Moneycontrol,0.0
The Hills Times,"HDFC Bank, IDA signs MoU to boost oral healthcare infrastructure","HT Bureau GUWAHATI, Dec 13: HDFC Bank, India’s leading private sector bank and Indian Dental Association (IDA) have entered into a Memorandum of Understanding (MoU) to offer seamless and hassle-free funding to freshly graduated dentists for setting up their d…",https://thehillstimes.in/business/hdfc-bank-ida-signs-mou-to-boost-oral-healthcare-infrastructure,https://thehillstimes.in/wp-content/uploads/2023/12/HDFC-Bank-IDA-005-1210x642-1.jpg,2023-12-13,"HT Bureau
GUWAHATI, Dec 13: HDFC Bank, Indias leading private sector bank and Indian Dental Association (IDA) have entered into a Memorandum of Understanding (MoU) to offer seamless and hassle-free … [+2992 chars]",,Thehillstimes.in,1.0
MarketBeat News,Channel Wealth LLC Raises Stake in HDFC Bank Limited (NYSE:HDB),"Channel Wealth LLC raised its position in shares of HDFC Bank Limited (NYSE:HDB – Free Report) by 32.5% in the 3rd quarter, according to the company in its most recent Form 13F filing with the Securities and Exchange Commission. The firm owned 11,707 shares o…",https://www.etfdailynews.com/2024/01/03/channel-wealth-llc-raises-stake-in-hdfc-bank-limited-nysehdb/,https://www.americanbankingnews.com/wp-content/timthumb/timthumb.php?src=https://www.marketbeat.com/logos/hdfc-bank-ltd-logo.jpg&w=240&h=240&zc=2,2024-01-03,"Channel Wealth LLC raised its position in shares of HDFC Bank Limited (NYSE:HDB – Free Report) by 32.5% in the 3rd quarter, according to the company in its most recent Form 13F filing with the Securi… [+4257 chars]",,ETF Daily News,1.0
